n,pred_clustered,pred_same_cluster,pred_distinct_clusters,pred_clustered_linear,pred_same_cluster_linear,pred_distinct_clusters_linear
2500,0.018246367243592194,0.0241535832276711,0.060841926436888814,0.01874361662845848,0.0345282668143786,0.06146629296010319
