n,pred_clustered,pred_same_cluster,pred_distinct_clusters,pred_clustered_linear,pred_same_cluster_linear,pred_distinct_clusters_linear
3500,0.014897476571753597,0.02028983976506812,0.049230483307315526,0.015454373380603214,0.02639337388028021,0.04942140982798756
