n,pred_clustered,pred_same_cluster,pred_distinct_clusters,pred_clustered_linear,pred_same_cluster_linear,pred_distinct_clusters_linear
2000,0.016195944133379766,0.020871326854044678,0.04605302903655301,0.017305295857865697,0.027485552102343644,0.046661494198033705
