Metric,Modality_1,Modality_2,Modality_3
clustered,0.01562115807435985,0.05402361888386791,0.037695887577987496
same_cluster,0.018942216217222262,0.06381349364104127,0.04718804166487627
distinct_clusters,0.0019342485362115979,0.026893513980510198,0.0019336333538507084
