Metric,Modality_1,Modality_2,Modality_3
clustered,0.01773135739154193,0.04814804392020208,0.03524810137497707
same_cluster,0.01941792103385651,0.059627513788605764,0.04277927557123975
distinct_clusters,0.0010713147913096086,0.023236324943882718,0.0010612282457309967
