Metric,Modality_1,Modality_2,Modality_3
clustered,0.01666475526375235,0.05218698329937179,0.03930912155241386
same_cluster,0.018490580466303284,0.06877260133885792,0.04690137799026212
distinct_clusters,0.001683107103339208,0.02521306678152802,0.0017531869501903033
