Metric,Modality_1,Modality_2,Modality_3
clustered,0.015768871844420922,0.049222096486876435,0.03889742531898743
same_cluster,0.017936584054465254,0.061243006410964675,0.04528677544822205
distinct_clusters,0.0019324786588679884,0.027081807286236124,0.0018806145192056278
