Metric,Modality_1,Modality_2,Modality_3
clustered,0.014802898698113593,0.05414948999097545,0.0363682380224821
same_cluster,0.018590307496217543,0.05919719319975354,0.04380725656468083
distinct_clusters,0.0019080832650452612,0.027889215240210145,0.0019470154711623735
