rho,pred_clustered,pred_same_cluster,pred_distinct_clusters
0.8,0.14319010725481648,0.19505833338462203,0.1577883232657467
0.85,0.1342269959254898,0.1811298166666306,0.15400887410445982
0.9,0.11951042039970858,0.15796900922287405,0.14663952147091527
0.95,0.09192220683776622,0.11193002761154838,0.12603920649157194
1.0,0.01726523779430768,0.028416692794009414,0.05341488474432457
