rho,pred_clustered,pred_same_cluster,pred_distinct_clusters
0.8,0.14333740866088418,0.19305126336057504,0.16053528602405776
0.85,0.13141021615166915,0.18068530013295983,0.14734337744842402
0.9,0.11700624532515212,0.16095087011278555,0.13830295843673174
0.95,0.08737852473510452,0.11027103772818524,0.11762167113263819
1.0,0.020604261739274127,0.03298044454762016,0.06260017944954553
