rho,pred_clustered,pred_same_cluster,pred_distinct_clusters
0.8,0.1413587368130027,0.19651874240721864,0.15296204454590678
0.85,0.13324445107317268,0.1788983997726459,0.15014126561605234
0.9,0.12146338975034049,0.15715137955277536,0.15271607591034048
0.95,0.08828798814413684,0.11181940637793124,0.11749687312227763
1.0,0.018748974599998778,0.03151477659474924,0.061263904881593965
