rho,pred_clustered,pred_same_cluster,pred_distinct_clusters
0.8,0.1362574718988423,0.19303652135047517,0.14968038279289153
0.85,0.1375408028275336,0.17969224519022975,0.15123587566044155
0.9,0.11954967083295508,0.15653503151460574,0.15223268421107897
0.95,0.08761048782950098,0.11065598304074284,0.11706159776738016
1.0,0.01680417588810349,0.026707386787283197,0.050385044028759894
