n,pred_clustered,pred_same_cluster,pred_distinct_clusters
2000,0.04841842814469081,0.07421721278654503,0.5420494974517237
