n,pred_clustered,pred_same_cluster,pred_distinct_clusters
4000,0.044094072251015984,0.06670960330320307,0.47267000421140054
