n,pred_clustered,pred_same_cluster,pred_distinct_clusters
3500,0.0226662338669133,0.03595472885593196,0.27427561502861314
