n,pred_clustered,pred_same_cluster,pred_distinct_clusters
2500,0.025709716295016095,0.036756877717060044,0.32399259095803407
