n,pred_clustered,pred_same_cluster,pred_distinct_clusters
3000,0.03928619674360278,0.06038740381517276,0.41742871040178886
