Metric,Modality_1,Modality_2,Modality_3
clustered,0.015548339159282793,0.05425820165232309,0.03920089392834106
same_cluster,0.01957354503745529,0.06730286099556958,0.045184245387057745
distinct_clusters,0.0017718371192449386,0.02795797763137754,0.0017813381328103117
