Metric,Modality_1,Modality_2,Modality_3
clustered,0.014370010467849295,0.05361564511344264,0.03940819438156366
same_cluster,0.018384885488157914,0.06575976860351189,0.04511653748015929
distinct_clusters,0.0016381226751511601,0.025567514254799074,0.001655826328184524
