Metric,Modality_1,Modality_2,Modality_3
clustered,0.01815535443407299,0.04972103430634545,0.03747357215260295
same_cluster,0.021398313495670774,0.06595800044233423,0.04521986829051903
distinct_clusters,0.001602756391400311,0.025236691962410723,0.0016327519869893156
