Metric,Modality_1,Modality_2,Modality_3
clustered,0.015440407427216116,0.05539489793380206,0.04021728645458649
same_cluster,0.017982031008156266,0.0713404698183779,0.045942202654633224
distinct_clusters,0.00154529759842709,0.027358644102549148,0.0015684552947015803
