Metric,Modality_1,Modality_2,Modality_3
clustered,0.014736066784552955,0.05196215499320236,0.03791288177311114
same_cluster,0.020848809866497134,0.06562729735476432,0.044361623417885146
distinct_clusters,0.0014943242301192648,0.023478804630574092,0.00147408798575979
