n,pred_clustered,pred_same_cluster,pred_distinct_clusters
2000,0.0182551401442239,0.0326538875456908,0.0642202174715091
2500,0.0184095960890032,0.0311448512710012,0.0567200525263457
3000,0.0190719735484378,0.0305198036790182,0.0539190067276963
3500,0.0187086730532643,0.0319849698473856,0.061542883564799
4000,0.0195147900062328,0.0311820901107256,0.0611573563267128
