n,pred_clustered,pred_same_cluster,pred_distinct_clusters
3500,0.018708673053264388,0.03198496984738561,0.061542883564799
