n,pred_clustered,pred_same_cluster,pred_distinct_clusters
4000,0.019514790006232824,0.031182090110725674,0.061157356326712875
