n,pred_clustered,pred_same_cluster,pred_distinct_clusters
2000,0.018255140144223934,0.032653887545690805,0.0642202174715091
