n,pred_clustered,pred_same_cluster,pred_distinct_clusters
3000,0.019071973548437874,0.03051980367901822,0.05391900672769638
