n,pred_clustered,pred_same_cluster,pred_distinct_clusters
2500,0.018409596089003236,0.031144851271001237,0.056720052526345766
